Vs,acc,psd,resid
100.0,4.6578168687968455,0.1449517632210843,0.033613314216327364
150.0,5.095308278388483,0.14014943909431918,0.033443205715556375
200.0,5.078589868198936,0.1378487052972898,0.03294465717355726
250.0,5.025428361805595,0.1366209310004045,0.03260763543422346
300.0,5.0651789555290785,0.13590357666307054,0.03238523838657293
350.0,5.144062728428235,0.1354704035604222,0.03211231665576498
400.0,5.196317469088969,0.1351750074212008,0.03189383198678606
3000.0,5.363239966800867,0.1345976074696576,0.03094761482214122
