Vs,acc,psd,resid
100.0,3.6292708248653374,0.4061119793150935,0.2161194490465142
150.0,3.7090964435205276,0.3974752610454164,0.21273341896042516
200.0,3.7544539589663684,0.39382108216426187,0.21121190663622474
250.0,3.7923185393796084,0.39192716054272475,0.21010984711140884
300.0,3.806930039520049,0.39099546362083076,0.20947444263420267
350.0,3.8125621314857474,0.3903785635968766,0.2089853818870072
400.0,3.8137626067773205,0.39008890662061135,0.20872713996338357
3000.0,3.7813877915465692,0.38927328089906293,0.20797342977360442
