Vs,acc,psd,resid
100.0,4.609834535389647,0.046058069016243146,-0.014909579225405593
150.0,4.848738062429335,0.04346483702196503,-0.011429191489998613
200.0,4.792370175353065,0.041348700889824085,-0.009112429789565935
250.0,4.910348942310522,0.04028645421870796,-0.00816612228534508
300.0,4.987613523608628,0.03973186745600061,-0.007728338759163572
350.0,5.028821170404049,0.03947507802574171,-0.007552249600986655
400.0,5.048416827482957,0.03931717538714364,-0.007457036561303458
3000.0,5.0611752297771435,0.04155511348219424,-0.01006424101941643
