Vs,acc,psd,resid
100.0,3.399148860565213,0.12933324464098514,-0.09073969962026496
150.0,3.678591362416697,0.12783346612305843,-0.08730445138617857
200.0,3.8884923642372384,0.12681319182976067,-0.08542393298619141
250.0,3.9671934402817826,0.12622810567611115,-0.08444815376188243
300.0,4.003926423376883,0.12584142469535725,-0.08385082040386384
350.0,4.022397575698795,0.12557550195061556,-0.08347378984745268
400.0,4.037156995593037,0.12537674573383362,-0.0832812560923366
3000.0,4.049720324707295,0.12414703987816147,-0.08258705869249441
