Vs,acc,psd,resid
100.0,4.216272532068633,0.12409490816698335,-0.1186733193088316
150.0,4.870754441700858,0.11740515478135226,-0.11271736128639213
200.0,5.012291511110945,0.11465253789540829,-0.10994894258988075
250.0,5.007970976268007,0.1133597527181748,-0.10864856547712018
300.0,4.974786888924989,0.11270329496312445,-0.10800246568133205
350.0,4.9592003417526405,0.11232570067905076,-0.10764194706558863
400.0,4.956953597729996,0.11212677366546857,-0.10745665118995543
3000.0,4.91592869346579,0.11177522660761077,-0.1071696095857126
