Vs,acc,psd,resid
100.0,4.531455666929877,0.07110661546910155,-0.004455362399942968
150.0,5.000333842128255,0.06975422569314475,-0.0032016052231259124
200.0,5.161882139008635,0.06940539923011271,-0.0028885227282182914
250.0,5.202348101447745,0.06921691626990101,-0.0028539339234737613
300.0,5.214961470353443,0.0690910937515161,-0.0028917318505801135
350.0,5.226862013107055,0.06899063087939003,-0.002927855856368815
400.0,5.235888887136435,0.06889876725909569,-0.0029803404550146377
3000.0,5.246527294559568,0.06847466231596075,-0.0030573507010312416
