Vs,acc,psd,resid
100.0,4.133705564100536,0.09302881299451894,-0.0084936091834024
150.0,4.695016964556815,0.09013415435369199,-0.008319398105606338
200.0,4.858128990264606,0.08890443095220718,-0.007991438956205512
250.0,4.905971764639878,0.08827864362157639,-0.007817434478868108
300.0,4.929368212539801,0.08793598164248734,-0.007710560327997731
350.0,4.948564418180203,0.08775124933351819,-0.007642189337394384
400.0,4.960476481930485,0.08763526667969562,-0.007610159987738922
3000.0,4.982532360461219,0.0872813320219222,-0.007449555315682312
