Vs,acc,psd,resid
100.0,3.762611211771876,0.049821543191083444,-0.037359795144475426
150.0,4.523074367255568,0.0457280420302513,-0.03198118768111537
200.0,4.86997751277355,0.04425716684734929,-0.03078415031678297
250.0,4.9981761761743,0.04371171334084038,-0.030440280947660322
300.0,5.051280611357244,0.04351237555075555,-0.030354026488538344
350.0,5.072616345576344,0.04346988071752316,-0.030380901672603284
400.0,5.081894880302356,0.043445483423513044,-0.030378207067981288
3000.0,5.064477255269162,0.04306684961822768,-0.0301656785033456
