Vs,acc,psd,resid
100.0,4.51683646525952,0.24052779946638095,-0.24022909028139594
150.0,4.752222589626932,0.23688102567115582,-0.23675216475119387
200.0,4.927661853398091,0.23485945828496713,-0.23474823307420312
250.0,5.00657425280454,0.23391524190858057,-0.23380435440963981
300.0,5.03982292965109,0.233307805184016,-0.23319735719958357
350.0,5.051896673746475,0.2329913687424914,-0.23288157135901855
400.0,5.063772838862687,0.23275585393102668,-0.23264654221527173
3000.0,5.0578922480966275,0.23215198615732077,-0.23204703995413442
