Vs,acc,psd,resid
100.0,3.707913753782782,0.027343693254812437,-0.01198631217502722
150.0,3.7726825734442726,0.02636741179435463,-0.011322751961001744
200.0,3.812395804392294,0.026036969393212372,-0.011027607773953231
250.0,3.837344633541749,0.025879331948067262,-0.01094915677388944
300.0,3.8582022010556427,0.02578136109369495,-0.01091282660821338
350.0,3.867746601481728,0.025717231682672804,-0.010875002641123241
400.0,3.8743769167812463,0.025671373992353627,-0.010844460683990597
3000.0,3.8731006461425155,0.025542760717136327,-0.010539078482029512
