Vs,acc,psd,resid
100.0,4.758629418062805,0.016282701607066585,-0.014909266272037593
150.0,5.400411249751176,0.015526439032726509,-0.014712252988149198
200.0,5.534820962738883,0.014877881473822014,-0.014256640592551582
250.0,5.529377489828528,0.014429631411575558,-0.013891711935129804
300.0,5.495290013784827,0.014166496172606333,-0.013670226983017604
350.0,5.45790722683919,0.014038085198432918,-0.013566458859405904
400.0,5.422700060941462,0.013963782911057392,-0.013506854980262205
3000.0,5.262010142074856,0.013752573805002579,-0.013338837476708833
