Vs,acc,psd,resid
100.0,4.689360816699224,0.0714076219965881,0.06806593131793566
150.0,5.01471426378615,0.06893843637697891,0.0659644129641197
200.0,5.2263837099040025,0.06727597010093864,0.06477172446484472
250.0,5.378055953891038,0.0662892815913733,0.0640309986469447
300.0,5.454917027892302,0.06569025672853852,0.06356547962758398
350.0,5.497711525272865,0.06532037086617441,0.06327624720566734
400.0,5.522866755575185,0.0650687644068191,0.06307623094331488
3000.0,5.547918621857997,0.06429722358495463,0.062457906362033466
