Vs,acc,psd,resid
100.0,4.212883573008046,0.022846593461125317,-0.0183247879840305
150.0,4.710979585302004,0.020355927059994533,-0.01599826118168267
200.0,4.752369919244659,0.019188909851716538,-0.015092379876400188
250.0,4.767134503462584,0.01871853448199691,-0.01486750074655169
300.0,4.760263648950936,0.018505598458667987,-0.014816929145141834
350.0,4.754069311950861,0.018398303121210956,-0.014817267405800397
400.0,4.748185895665609,0.018331770506588067,-0.01482852018504949
3000.0,4.680500078591201,0.018136195102505314,-0.014861483137680228
