Vs,acc,psd,resid
100.0,3.7665984678240756,0.056138771502078647,0.027729833711933327
150.0,3.837407917386682,0.05740877125424235,0.031597099242305735
200.0,3.839436296456943,0.05753566497451752,0.032769787156375456
250.0,3.920380543822934,0.05743159468617519,0.03305371074306907
300.0,3.9602787585926706,0.05733688761387266,0.033121231982786395
350.0,3.9816874915207787,0.05725706611518616,0.03312275958005006
400.0,3.9934311234214603,0.05719785951391217,0.033118237967637486
3000.0,4.02738715334864,0.05699138637886546,0.03320117840792464
