Vs,acc,psd,resid
100.0,4.667081990527679,0.12463323890931374,-0.10804256383866137
150.0,5.2583159947044695,0.12075871352487837,-0.10512653344965375
200.0,5.47866922444683,0.1205453311125404,-0.10546900057408767
250.0,5.515252405578735,0.12053741197542675,-0.10576876725155221
300.0,5.558590342922757,0.12049325199325743,-0.1059045573746529
350.0,5.619911648442496,0.12048358767914201,-0.10601075397839121
400.0,5.655159421434615,0.12040521173572034,-0.1060097910524272
3000.0,5.718695803101559,0.11992974194322703,-0.10579347572481161
