Vs,acc,psd,resid
100.0,3.8955230636356815,0.0557384722414685,-0.027557453406862973
150.0,4.410551226357969,0.05543703294176817,-0.02677065497411913
200.0,4.509544187384327,0.05605938822691121,-0.027895618587481626
250.0,4.5148180979122,0.056585489703853284,-0.028650632870106347
300.0,4.50814692501036,0.056970034093229524,-0.02915922739134238
350.0,4.508394489396325,0.05721582302102813,-0.02945908738283151
400.0,4.519373956878702,0.05741284800299573,-0.029708504041944982
3000.0,4.550284632157636,0.058219094807243806,-0.030794483382560064
