Vs,acc,psd,resid
100.0,4.796810551176306,0.03335867237035172,0.03171753099733347
150.0,5.687000216026613,0.032557347456262695,0.03190851773635715
200.0,6.020909167260316,0.03269680599202532,0.03198055871676322
250.0,6.135740174477083,0.032637819369915826,0.03190857668168177
300.0,6.173017618123649,0.03251143565120638,0.0317786604554645
350.0,6.194423726531976,0.032485214456562314,0.031683283390862224
400.0,6.218719233343772,0.03247130852295539,0.03162771068744111
3000.0,6.2213168779519785,0.03216185012938032,0.031224059275629462
