Vs,acc,psd,resid
100.0,4.780997793740413,0.0651004429995406,-0.020545989741442075
150.0,5.452345330657504,0.06264939068362363,-0.021925981975371635
200.0,5.601424377691776,0.06242479702081469,-0.022776152955335763
250.0,5.704979616716974,0.06235648399976168,-0.023251854401538
300.0,5.74607801152177,0.06231274917146304,-0.02355380713810716
350.0,5.762174604888349,0.06220947158948148,-0.023675447328521948
400.0,5.770287409865641,0.062123825794021474,-0.023735720225603624
3000.0,5.7816655770646745,0.060942973872403286,-0.02306303685053443
