Vs,acc,psd,resid
100.0,4.6884809860831504,0.04386709986724829,-0.029712277686047533
150.0,4.961695379324418,0.040911678574556416,-0.026845720809037934
200.0,5.3070074854158715,0.03983313824999585,-0.025669354401539068
250.0,5.4242749754245345,0.039470515848283184,-0.02524045400808276
300.0,5.473269097670011,0.03939815774438034,-0.025050927270703374
350.0,5.4974860806949355,0.03935438671205337,-0.02489749064349986
400.0,5.508409432355565,0.03933311416511499,-0.024802521816864972
3000.0,5.482628473301652,0.03927241466029583,-0.024618287729944153
