Vs,acc,psd,resid
100.0,3.76517630768815,0.030315978774844713,0.018849071939222146
150.0,3.817232242366647,0.028862590947935435,0.017354272407531228
200.0,3.68648934677776,0.028330247951933736,0.0166987152815659
250.0,3.6533519685306954,0.028070219103083976,0.016383033835876255
300.0,3.688674322163233,0.02790277776312951,0.016198146828604824
350.0,3.7247009279635623,0.027780511429936802,0.01608302218092907
400.0,3.7647154259291105,0.027686250388645403,0.01598596031779238
3000.0,3.9218352713267417,0.027429762088986655,0.016041096422036147
