Vs,acc,psd,resid
100.0,4.362402898919734,0.11154909586551486,0.06802955671707914
150.0,5.006144918565328,0.10696920976342644,0.06503982738367946
200.0,5.148423575419097,0.10535879447265925,0.06435468873122463
250.0,5.226675740796244,0.10452738202261636,0.06424052186277517
300.0,5.3030965507334065,0.10414297664794059,0.06441059312456078
350.0,5.351453214381188,0.10398606897814891,0.06462200723734897
400.0,5.380067924514682,0.10394930831744588,0.06486986919328197
3000.0,5.455340322478548,0.10368633050900938,0.06538268020175422
